-- ============================================================
-- 农产品信息展示与售卖管理系统 - 演示数据脚本（seed）
-- 前提：库表已存在（已执行 schema.sql，或后端以 ddl-auto=update 启动后自动建表）
-- 用法：mysql -u root -p agrimarket < db/seed.sql
-- 特性：可重复执行 —— 先清空业务表再插入；订单不预置，可在前端「模拟下单」体验
-- 说明：user 表不在此重置；演示账号由后端启动时自动创建（admin/farmer/consumer，密码 123456），
--       且后端会把 farmer_id 为空的产品自动分配给 farmer 账号，故本脚本无需处理 farmer_id。
-- ============================================================

USE agrimarket;

-- 清空业务数据（TRUNCATE 顺带重置自增；临时关闭外键检查避免顺序约束）
SET FOREIGN_KEY_CHECKS = 0;
TRUNCATE TABLE order_item;
TRUNCATE TABLE orders;
TRUNCATE TABLE product;
TRUNCATE TABLE origin;
TRUNCATE TABLE category;
SET FOREIGN_KEY_CHECKS = 1;

-- 分类
INSERT INTO category (id, name, description, sort) VALUES
(1, '新鲜水果', '应季水果', 1),
(2, '绿色蔬菜', '无公害蔬菜', 2),
(3, '粮油米面', '农家自产粮油', 3),
(4, '乡土特产', '地方特色农产品', 4),
(5, '禽蛋肉奶', '散养禽蛋与肉奶', 5),
(6, '茶叶药材', '高山茶叶与道地药材', 6);

-- 产地公示
INSERT INTO origin (id, name, location, farmer, phone, certificate, description) VALUES
(1, '青山生态果园', '浙江省丽水市青田村', '张大为', '13800001111', '绿色食品认证', '高山果园，昼夜温差大，自然成熟不催熟。'),
(2, '稻香村合作社', '黑龙江省五常市', '李合作社', '13900002222', '有机认证', '黑土地种植，稻花香米核心产区。'),
(3, '云岭蔬菜基地', '云南省昆明市呈贡区', '王阿姨', '13700003333', '无公害认证', '高原阳光充足，蔬菜清脆甘甜。'),
(4, '沂蒙山养殖场', '山东省临沂市蒙阴县', '赵国强', '13600004444', '无公害农产品', '山林散养，谷物喂养，蛋黄金黄饱满。'),
(5, '安溪高山茶园', '福建省泉州市安溪县', '陈茶农', '13500005555', '地理标志产品', '海拔 800 米以上高山茶园，传统手工制茶。');

-- 农产品（sales 为演示初始销量；cover 来自 images 目录，映射为 /covers/p{id}.png）
INSERT INTO product (id, name, category_id, origin_id, price, stock, unit, cover, description, sales, status, create_time) VALUES
(1,  '赣南脐橙',       1, 1,  8.80, 200, '斤', '/covers/p1.png',  '皮薄多汁、酸甜可口，现摘现发。',        156, 1, NOW()),
(2,  '烟台红富士苹果', 1, 1,  6.50, 150, '斤', '/covers/p2.png',  '脆甜爽口，冰糖心。',                    98, 1, NOW()),
(3,  '赣南蜜桔',       1, 1,  5.80, 180, '斤', '/covers/p3.png',  '皮薄易剥、汁多味甜。',                  76, 1, NOW()),
(4,  '阳光玫瑰葡萄',   1, 1, 18.00,  90, '串', '/covers/p4.png',  '果香浓郁、脆甜无籽。',                  120, 1, NOW()),
(5,  '高山娃娃菜',     2, 3,  3.50, 120, '棵', '/covers/p5.png',  '高原种植，清脆无筋。',                  45, 1, NOW()),
(6,  '铁棍山药',       2, 3,  9.90,  90, '斤', '/covers/p6.png',  '粉糯香甜，营养丰富。',                  72, 1, NOW()),
(7,  '有机西红柿',     2, 3,  4.20, 100, '斤', '/covers/p7.png',  '沙瓤多汁，番茄味浓。',                  60, 1, NOW()),
(8,  '五常稻花香大米', 3, 2, 12.90, 300, '斤', '/covers/p8.png',  '黑土地稻花香，软糯香甜。',              230, 1, NOW()),
(9,  '农家笨榨花生油', 3, 2, 35.00,  80, '桶', '/covers/p9.png',  '传统工艺压榨，香味浓郁。',              64, 1, NOW()),
(10, '东北玉米糁',     3, 2,  6.80, 150, '斤', '/covers/p10.png', '颗粒饱满，粗粮细作（暂时下架）。',       50, 0, NOW()),
(11, '手工红薯粉条',   4, 1, 15.00,  60, '斤', '/covers/p11.png', '纯红薯制作，久煮不烂。',                38, 1, NOW()),
(12, '野生黑木耳',     4, 3, 28.00,  50, '斤', '/covers/p12.png', '山林野生，肉质厚实。',                  42, 1, NOW()),
(13, '散养土鸡蛋',     5, 4, 18.00, 200, '枚', '/covers/p13.png', '山林散养，蛋黄饱满。',                  88, 1, NOW()),
(14, '安溪铁观音',     6, 5, 68.00,  40, '盒', '/covers/p14.png', '高山乌龙，兰香回甘。',                  35, 1, NOW()),
(15, '信阳毛尖',       6, 5, 58.00,  45, '盒', '/covers/p15.png', '明前嫩芽，鲜爽甘醇。',                  28, 1, NOW());

-- 显式抬高自增起点，避免后续从页面新增时与演示数据主键冲突
ALTER TABLE category AUTO_INCREMENT = 7;
ALTER TABLE origin   AUTO_INCREMENT = 6;
ALTER TABLE product  AUTO_INCREMENT = 16;
